,NGram,percent_in_tag,percent_in_other
0, v,0.0060526644203169845,0.0019044260271557044
1,12,0.0002495944090852365,0.0003467936284018104
2,1d,2.0799534090436376e-05,unique_to_tag
3,2 ,0.0002495944090852365,0.0009816023041203784
4,25,4.159906818087275e-05,0.00012931287838711573
5,52,4.159906818087275e-05,3.526714865103157e-05
6,71,0.00010399767045218188,6.465643919355786e-05
7,d1,4.159906818087275e-05,3.526714865103157e-05
8,ir,0.01037896751112775,0.0027214483042379356
9,ru,0.011959732102000915,0.0016751895609239992
10,us,0.018781979283664044,0.0043261035678598715
11,vi,0.012126128374724406,0.002727326162346441
12,1 ,0.0002703939431756729,0.0010521366014224418
13,31,8.31981363617455e-05,0.00012343502027861047
14,35,6.239860227130913e-05,8.229001351907365e-05
15,53,0.00010399767045218188,8.816787162757891e-05
16,78,4.159906818087275e-05,4.702286486804208e-05
17,8v,2.0799534090436376e-05,unique_to_tag
18,v3,2.0799534090436376e-05,5.87785810850526e-06
19, d,0.00189275760222971,0.006095338858519955
20,a ,0.018553184408669245,0.005431140892258861
21,ab,0.0010399767045218187,0.0018397695879621466
22,bi,0.00189275760222971,0.001957326750132252
23,ct,0.008985398727068513,0.005789690236877682
24,de,0.004846291443071675,0.005231293716569682
25,ec,0.0011855734431548734,0.005472285899018397
26,ef,0.0003535920795374184,0.0014988538176688416
27,fe,0.0011023753067931279,0.003503203432669135
28,hi,0.005345480261242148,0.004026332804326104
29,ia,0.010919755397479096,0.004167401398930229
30,io,0.003452722659012438,0.00688297184505966
31,iv,0.0009775781022505095,0.0033503791218479984
32,op,0.004076708681725529,0.002709692588020925
33,ot,0.002891135238570656,0.003209310527243872
34,ph,0.005803070011231749,0.001875036736613178
35,ro,0.007841424352094513,0.006189384588256039
36,ti,0.006531053704397022,0.00892846646681949
37,tr,0.006323058363492658,0.00452595074354905
38,va,0.0017887599317775282,0.0018103802974196203
39, c,0.006135862556678731,0.007799917709986481
40,ae,0.00636465743167353,0.0006112972432845471
41,bs,0.0020799534090436373,0.0007876329865397049
42,ca,0.006135862556678731,0.005254805149003703
43,di,0.006115063022588294,0.005119614412508082
44,ea,0.0017887599317775282,0.00530770587198025
45,er,0.01944756437455801,0.008675718568153764
46,id,0.005116685386247348,0.0032622112502204196
47,le,0.005595074670327385,0.004949156527361429
48,si,0.006177461624859603,0.005601598777405513
49,ul,0.004284704022629893,0.003450302709692588
50, a,0.004825491908981239,0.009939458061482396
51,ac,0.012063729772453097,0.004349615000293893
52,au,0.0010191771704313823,0.001287250925762652
53,cr,0.0016847622613253464,0.002392288250161641
54,em,0.0023087482840384375,0.002980074061012167
55,iu,0.008590207579350223,0.0004173279257038735
56,li,0.0077166271475518945,0.004090989243519662
57,m ,0.008694205249802404,0.002803738317757009
58,mo,0.00567827280668913,0.003491447716452125
59,ni,0.0074046341361953495,0.0038206077705284195
60,on,0.008590207579350223,0.00856991712220067
61,re,0.00688464578393444,0.009316405101980839
62,um,0.012230126045176587,0.0019925938987832834
63, s,0.006822247181663131,0.007623581966731323
64,ar,0.007945422022546694,0.005619232351731029
65,ch,0.005782270477141312,0.003221066243460883
66,et,0.0025791422272141104,0.003315111973196967
67,ha,0.004180706352177712,0.004085111385411156
68,ma,0.006926244852115313,0.0043261035678598715
69,mi,0.003182328715836765,0.003450302709692588
70,om,0.004846291443071675,0.004596485040851114
71,ri,0.01738841049960481,0.005231293716569682
72,st,0.006593452306668331,0.006060071709868923
73,to,0.006593452306668331,0.0059248809733733025
74, 1,0.0010191771704313823,0.0014694645271263152
75, r,0.0019135571363201463,0.005719155939575619
76,av,0.003931111943092475,0.001216716628460589
77,bu,0.0019343566704105829,0.0008052665608652207
78,im,0.001497566454511419,0.00292717333803562
79,la,0.012209326511086152,0.004396637865161935
80,s ,0.015350056158742045,0.010550755304766943
81,ta,0.005075086318066475,0.004149767824604714
82,ub,0.003972711011273347,0.0007288544054546523
83, 2,0.0006031864886226548,0.0014694645271263152
84,an,0.009505387079329424,0.008869687885734438
85,ba,0.009338990806605931,0.0014694645271263152
86,en,0.011439743749740007,0.008293657791100922
87,fi,0.0010191771704313823,0.0027214483042379356
88,hr,0.00166396272723491,0.0011638159054840416
89,ic,0.009172594533882441,0.006671368953153471
90,if,0.0014351678522401099,0.0021160289190618937
91,it,0.002454345022671492,0.006700758243695997
92,ns,0.005823869545322185,0.004367248574619408
93,ob,0.006759848579391822,0.001193205196026568
94,r ,0.0032447273181080744,0.006130606007170987
95,te,0.012292524647447896,0.007835184858637512
96, i,0.0015183659886018554,0.008281902074883912
97,in,0.008278214567993677,0.009345794392523364
98,ol,0.005595074670327385,0.003967554223241051
99,so,0.0014351678522401099,0.0024393111150296833
100,tu,0.003223927784017638,0.002433433256921178
101, p,0.004575897499896002,0.007605948392405807
102,ie,0.002495944090852365,0.003785340621877388
103,ii,0.004367902158991638,0.00012931287838711573
104,pi,0.002287948749948001,0.002204196790689473
105,ud,0.0012687715795166189,0.0013695409392817258
106,hl,0.0006239860227130913,0.00028213718920825254
107,nd,0.001955156204501019,0.007617704108622818
108,uh,8.31981363617455e-05,unique_to_tag
109,pa,0.002891135238570656,0.0042261799800152825
110,sp,0.005844669079412621,0.0029683183447951566
111, x,0.00010399767045218188,9.992358784458944e-05
112,da,0.0015807645908731645,0.0014812202433433256
113,lo,0.00590706768168393,0.00372068418268383
114,os,0.005407878863513457,0.0043554928584023985
115,ox,0.0004575897499896002,0.00048198436489743136
116,xi,0.00029119347726610926,0.0004996179392229472
117,xy,0.0002495944090852365,7.641215541056839e-05
118,yl,0.0014351678522401099,0.0004349615000293893
119, f,0.0023711468863097467,0.005589843061188503
120,am,0.0031407296476558925,0.0023511432434021044
121,cc,0.003286326386288947,0.0013283959325221888
122,ci,0.00470069470443862,0.0033915241286075356
123,co,0.010316568908856441,0.005877858108505261
124,cu,0.006239860227130912,0.002433433256921178
125,me,0.0024127459544906193,0.004490683594898019
126,no,0.005636673738508257,0.0034385469934755776
127,nt,0.004159906818087275,0.007535414095103744
128,oc,0.005844669079412621,0.0023099982366425673
129,rm,0.00212155247722451,0.0017633574325515782
130,ax,0.0002703939431756729,0.00019984717568917888
131,do,0.003182328715836765,0.0011109151825074942
132,na,0.005699072340779566,0.003561982013754188
133,or,0.011252547942926079,0.006489155351789808
134,ov,0.0023711468863097467,0.0014165638041497678
135,ra,0.007695827613461458,0.005730911655792629
136,ve,0.0017055617954157827,0.005713278081467113
137,vo,0.001060776238612255,0.0006406865338270734
138,x ,0.0004575897499896002,0.0004937400811144419
139,af,0.0004159906818087275,0.0008287779932992417
140,el,0.007903822954365822,0.003738317757009346
141,ld,0.0007487832272557095,0.0013166402163051784
142,fa,0.0009151794999792004,0.0011990830541350733
143,il,0.005553475602146512,0.0026685475812613883
144,is,0.010566163317941678,0.006736025392347029
145, t,0.002766338034028038,0.008951977899253512
146,mp,0.0008735804317983277,0.002868394756950567
147,pe,0.004326303090810766,0.0037441956151178513
148, b,0.0028079371022089105,0.005049080115206019
149,ne,0.00665585090893964,0.004772820784106272
150,nn,0.0008527808977078913,0.0002645036148827367
151,al,0.0070718415907483675,0.007529536236995239
152,ce,0.0038271142726402927,0.004361370716510903
153,lc,0.0004159906818087275,0.00021748075001469465
154,oa,0.0007695827613461458,0.0003409157702933051
155, h,0.002183951079495819,0.004578851466525598
156,ly,0.0015391655226922917,0.003673661317815788
157,yt,0.0015807645908731645,0.0005113736554399577
158, j,0.0005407878863513458,0.0002645036148827367
159,hn,0.0002703939431756729,0.00011755716217010521
160,jo,0.0002703939431756729,0.0001939693175806736
161,oh,0.0008527808977078913,0.00014694645271263153
162,ju,0.00020799534090436376,0.00027625933109974723
163,un,0.0016847622613253464,0.0029624404866866513
164, l,0.0017887599317775282,0.003514959148886146
165,ff,0.0002287948749948001,0.0014106859460412625
166,lw,2.0799534090436376e-05,5.87785810850526e-06
167,of,0.000332792545446982,0.006448010345030271
168,wo,0.0002495944090852365,0.0007935108446482102
169,rv,0.0008735804317983277,0.0007170986892376418
170,vu,0.0006863846249844003,2.351143243402104e-05
171,ad,0.0015391655226922917,0.0023099982366425673
172,es,0.006531053704397022,0.007911597014048082
173,dl,0.00010399767045218188,0.0001939693175806736
174,sc,0.002724738965847165,0.0016399224122729678
175, u,0.0006239860227130913,0.0020219831893258096
176,gi,0.002932734306751529,0.0019044260271557044
177,ng,0.0024127459544906193,0.004890377946276377
178,rs,0.0007903822954365823,0.0023158760947510726
179,ur,0.0035775198635550564,0.00394404279080703
180,bl,0.0002703939431756729,0.0014224416622582732
181,lu,0.004846291443071675,0.0020690060541938516
182,hy,0.0018095594658679645,0.0010462587433139364
183,nu,0.00189275760222971,0.0008699230000587786
184,ya,0.0008943799658887641,0.00011755716217010521
185,po,0.003057531511294147,0.0035090812907776405
186,su,0.0044303007612629475,0.0030153412096631986
187,fu,0.0010815757727026915,0.0010227473108799154
188,ho,0.005262282124880403,0.0033445012637394935
189, e,0.002017554806772328,0.004743431493563746
190,eq,0.00031199301135654563,0.0006054193851760418
191,ll,0.01004617496568077,0.0034855698583436197
192,qu,0.001393568784059237,0.0010580144595309468
193,uu,0.000166396272723491,unique_to_tag
194,gn,0.000332792545446982,0.0014048080879327572
195,ig,0.0013727692499688007,0.0024687004055722094
196,ui,0.000998377636340946,0.0005466408040909893
197, m,0.0044303007612629475,0.005636865926056545
198,as,0.005990265818045676,0.007024040439663787
199,se,0.005199883522609094,0.007147475459942397
200,ss,0.0018511585340488374,0.0030094633515546933
201,at,0.004908690045342984,0.008658084993828249
202,du,0.0009151794999792004,0.0019925938987832834
203,eg,0.0012479720454261825,0.0011167930406159995
204,ga,0.0016015641249636009,0.0015458766825368836
205,mu,0.0016223636590540372,0.0017222124257920415
206,uc,0.0018511585340488374,0.0018867924528301887
207,my,0.004326303090810766,0.0007523658378886733
208,rd,0.0017679603976870919,0.0008229001351907365
209,yc,0.003764715670368984,0.0005583965203079998
210,eu,0.003182328715836765,0.0013519073649562098
211,ei,0.002163151545405383,0.0013989302298242521
212,ke,0.0012687715795166189,0.0008170222770822312
213,nk,0.0002495944090852365,0.0002116028919061894
214, g,0.0018719580681392737,0.0024863339798977253
215,eo,0.001497566454511419,0.0006994651149121261
216,ge,0.002995132909022838,0.0037559513313348615
217,rg,0.0017055617954157827,0.0010345030270969258
218,cs,4.159906818087275e-05,0.0005172515135484629
219,nc,0.0016015641249636009,0.0034385469934755776
220,ev,0.0014351678522401099,0.003021219067771704
221,gr,0.0008943799658887641,0.0014106859460412625
222,tz,0.00012479720454261825,2.351143243402104e-05
223,zi,0.0007903822954365823,0.00025862575677423145
224,gk,4.159906818087275e-05,5.87785810850526e-06
225,ko,0.0004783892840800366,7.641215541056839e-05
226,sr,6.239860227130913e-05,8.229001351907365e-05
227,ey,0.00031199301135654563,0.0003703050608358314
228,ye,0.000499188818170473,0.0008699230000587786
229, n,0.0014559673863305462,0.0031035090812907775
230,sl,0.0002495944090852365,0.0002880150473167578
231,. ,0.002683139897666292,0.000811144418973726
232,i ,0.002662340363575856,0.000946335155469347
233,p.,0.001996755272681892,0.00017045788514665256
234, o,0.002932734306751529,0.00778816199376947
235,od,0.0016431631931444735,0.002010227473108799
236,og,0.0010815757727026915,0.002139540351495915
237,pt,0.0019135571363201463,0.0011226708987245048
238,ry,0.0017471608635966553,0.0021101510609533884
239,yg,0.00010399767045218188,5.8778581085052606e-05
240,aa,0.00014559673863305463,9.404572973608417e-05
241,-a,4.159906818087275e-05,0.00024099218244871568
242,d ,0.00039519114771829114,0.009874801622288838
243,ed,0.0012063729772453097,0.008417092811379534
244,ep,0.003182328715836765,0.0022864868042085464
245,o-,8.31981363617455e-05,0.00027625933109974723
246,dv,2.0799534090436376e-05,0.00018809145947216833
247, <,0.00012479720454261825,0.00012343502027861047
248,<g,8.31981363617455e-05,unique_to_tag
249,s>,0.00010399767045218188,unique_to_tag
250,gu,0.001060776238612255,0.0005525186621994945
251,sa,0.0034943217271933107,0.001622288837947452
252,eh,0.00012479720454261825,8.816787162757891e-05
253,be,0.0010399767045218187,0.0025333568447657674
254,dr,0.0003535920795374184,0.0010227473108799154
255,yd,0.000499188818170473,0.00018221360136366307
256,ja,0.00037439161362785476,0.00011755716217010521
257,lm,0.000831981363617455,0.0003174043378592841
258,hu,0.0018719580681392737,0.0004761065067889261
259,rt,0.002662340363575856,0.0022923646623170518
260,ip,0.0009567785681600732,0.0007288544054546523
261,br,0.002516743624942801,0.000946335155469347
262,oo,0.0003535920795374184,0.0007817551284311997
263,cl,0.0022047506135862557,0.0019279374595897254
264,ag,0.0012479720454261825,0.0023511432434021044
265,gg,0.0002287948749948001,0.0005113736554399577
266,ib,0.0020799534090436373,0.001622288837947452
267,mc,6.239860227130913e-05,7.641215541056839e-05
268,ap,0.002267149215857565,0.001845647446070652
269,e ,0.0028703357044802197,0.010521366014224416
270,ua,0.0004575897499896002,0.0009522130135778522
271,ai,0.0007071841590748368,0.002092517486627873
272,ak,0.0002703939431756729,0.0003291600540762946
273,ka,0.0005199883522609093,0.00017045788514665256
274,ny,0.0005615874204417821,0.0001939693175806736
275,th,0.003452722659012438,0.009480985129018986
276, 3,0.00031199301135654563,0.0007053429730206313
277,3 ,0.00010399767045218188,0.0006994651149121261
278,k ,0.00020799534090436376,0.0009051901487098101
279,n ,0.0024127459544906193,0.008869687885734438
280,ut,0.0015391655226922917,0.0026274025745018515
281,ew,0.00029119347726610926,0.0003820607770528419
282,he,0.00355672032946462,0.008393581378945513
283,sh,0.0007903822954365823,0.0013636630811732205
284,wa,0.0005199883522609093,0.0027038147299124197
285,go,0.0012687715795166189,0.0004173279257038735
286,ki,0.0007487832272557095,0.0007229765473461471
287,pu,0.0009151794999792004,0.0009051901487098101
288,ah,0.0004159906818087275,7.053429730206313e-05
289,c ,0.0006447855568035276,0.0033445012637394935
290,kh,0.000665585090893964,2.9389290542526303e-05
291,lk,6.239860227130913e-05,2.351143243402104e-05
292,mr,4.159906818087275e-05,0.00015870216892964204
293,rh,0.0009775781022505095,0.00032328219596778934
294,rr,0.00166396272723491,0.0011226708987245048
295,oi,0.001331170181787928,0.0007993887027567155
296,pr,0.001227172511335746,0.004185034973255746
297,ay,0.00020799534090436376,0.001169693763592547
298,lp,0.0002287948749948001,0.00023511432434021042
299,mm,0.001060776238612255,0.0019279374595897254
300,o ,0.0025375431590332377,0.004731675777346735
301,yo,0.0008111818295270186,0.00023511432434021042
302, 4,0.00029119347726610926,0.0006171751013930523
303, 7,0.00018719580681392738,0.0002997707635337683
304,lt,0.000665585090893964,0.002004349615000294
305,rn,0.0009151794999792004,0.0006877093986951155
306,bo,0.002599941761304547,0.0012813730676541468
307,nf,0.00031199301135654563,0.002697936871803915
308,mb,0.0004575897499896002,0.0007288544054546523
309,aj,6.239860227130913e-05,0.00015870216892964204
310,je,0.0002703939431756729,0.00018221360136366307
311,eb,0.0015391655226922917,0.00027038147299124197
312,ps,0.0018303589999584008,0.0008405337095162523
313,yn,0.0012063729772453097,0.0004937400811144419
314,gl,0.0005615874204417821,0.0006700758243695997
315,bd,6.239860227130913e-05,8.816787162757891e-05
316,rc,0.0007071841590748368,0.0007053429730206313
317,cy,0.0009359790340696368,0.000922823723035326
318,pl,0.0009359790340696368,0.0021277846352789043
319,sm,0.0006447855568035276,0.0010521366014224418
320,nh,0.00010399767045218188,0.00028213718920825254
321,ex,0.000998377636340946,0.0017986245812026097
322,nj,6.239860227130913e-05,0.00014694645271263153
323,oz,0.00020799534090436376,2.351143243402104e-05
324,zo,0.0007279836931652731,0.00018809145947216833
325,lv,0.00029119347726610926,0.00039969435137835775
326, k,0.0005407878863513458,0.0005642743784165051
327,ou,0.0005823869545322185,0.0037324398989008406
328,fl,0.0010399767045218187,0.0011461823311585259
329,ys,0.001227172511335746,0.0014988538176688416
330,zl,2.0799534090436376e-05,unique_to_tag
331, w,0.00037439161362785476,0.007141597601833892
332,uw,2.0799534090436376e-05,unique_to_tag
333,we,0.0003535920795374184,0.004273202844883324
334,tl,0.00014559673863305463,0.0006348086757185682
335,by,4.159906818087275e-05,0.0014048080879327572
336,yi,0.0002703939431756729,0.00015282431082113679
337,fo,0.0010399767045218187,0.0031505319461588195
338, q,0.00012479720454261825,0.0002116028919061894
339,rx,6.239860227130913e-05,5.87785810850526e-06
340,ow,0.000332792545446982,0.0018632810203961677
341,t ,0.0003535920795374184,0.006965261858578734
342,ms,0.000166396272723491,0.0007817551284311997
343,sy,0.00029119347726610926,0.001263739493328631
344,yz,0.00012479720454261825,0.00014694645271263153
345,za,0.0004575897499896002,0.0004761065067889261
346,ug,0.0004575897499896002,0.0009051901487098101
347,wi,0.000332792545446982,0.0033680126961735143
348,aw,6.239860227130913e-05,0.00011167930406159995
349,bt,0.0008111818295270186,0.00014106859460412627
350,az,0.000332792545446982,0.00012931287838711573
351, ',6.239860227130913e-05,0.00020572503379768413
352, (,2.0799534090436376e-05,unique_to_tag
353,'3,4.159906818087275e-05,unique_to_tag
354,(n,2.0799534090436376e-05,unique_to_tag
355,)',2.0799534090436376e-05,unique_to_tag
356,34,0.00014559673863305463,7.641215541056839e-05
357,4f,4.159906818087275e-05,unique_to_tag
358,c),2.0799534090436376e-05,unique_to_tag
359,f2,6.239860227130913e-05,unique_to_tag
360,nm,8.31981363617455e-05,0.00012343502027861047
361,h',2.0799534090436376e-05,unique_to_tag
362,'a,2.0799534090436376e-05,5.87785810850526e-06
363,r',2.0799534090436376e-05,unique_to_tag
364,r.,0.0007071841590748368,2.351143243402104e-05
365,01,0.0002287948749948001,0.0005877858108505261
366,17,0.00010399767045218188,0.0002997707635337683
367,74,2.0799534090436376e-05,7.053429730206313e-05
368,a0,0.00012479720454261825,unique_to_tag
369,19,0.000166396272723491,0.0002880150473167578
370,93,6.239860227130913e-05,1.7633574325515784e-05
371,03,8.31981363617455e-05,0.00013519073649562098
372,38,6.239860227130913e-05,0.00013519073649562098
373,89,4.159906818087275e-05,3.526714865103157e-05
374,04,0.000166396272723491,4.1145006759536825e-05
375,42,8.31981363617455e-05,4.1145006759536825e-05
376,44,8.31981363617455e-05,5.8778581085052606e-05
377,46,4.159906818087275e-05,6.465643919355786e-05
378,65,6.239860227130913e-05,4.702286486804208e-05
379,48,6.239860227130913e-05,7.641215541056839e-05
380,88,2.0799534090436376e-05,5.8778581085052606e-05
381,05,2.0799534090436376e-05,0.0001939693175806736
382,10,0.0004159906818087275,0.0004173279257038735
383,55,0.00012479720454261825,8.229001351907365e-05
384,a1,4.159906818087275e-05,2.351143243402104e-05
385,20,2.0799534090436376e-05,0.0007935108446482102
386,a2,8.31981363617455e-05,2.351143243402104e-05
387, 9,8.31981363617455e-05,0.0003467936284018104
388,94,6.239860227130913e-05,0.00011755716217010521
389,-9,6.239860227130913e-05,4.702286486804208e-05
390,06,8.31981363617455e-05,4.702286486804208e-05
391,66,6.239860227130913e-05,6.465643919355786e-05
392,90,2.0799534090436376e-05,5.8778581085052606e-05
393,a-,8.31981363617455e-05,0.00015870216892964204
394,cn,4.159906818087275e-05,2.9389290542526303e-05
395,kr,0.00014559673863305463,1.7633574325515784e-05
396,15,0.0002287948749948001,0.0002645036148827367
397,61,6.239860227130913e-05,7.053429730206313e-05
398,a6,2.0799534090436376e-05,unique_to_tag
399,h ,0.00018719580681392738,0.0045847293246341035
400,<p,2.0799534090436376e-05,unique_to_tag
401,e>,2.0799534090436376e-05,unique_to_tag
402,ok,0.00031199301135654563,0.00025862575677423145
403,fr,0.0007071841590748368,0.0014283195203667783
404,py,0.0006239860227130913,0.0005525186621994945
405,ao,0.0002495944090852365,1.7633574325515784e-05
406,lg,0.00018719580681392738,9.992358784458944e-05
407, z,0.00014559673863305463,0.00011167930406159995
408,ix,0.000332792545446982,0.0002645036148827367
409,ln,8.31981363617455e-05,0.00014106859460412627
410,dg,0.00010399767045218188,0.00018809145947216833
411,iz,0.0006863846249844003,0.0008993122906013048
412,nb,2.0799534090436376e-05,2.9389290542526303e-05
413,oe,0.000499188818170473,0.00025862575677423145
414,up,0.00031199301135654563,0.0010580144595309468
415,u ,0.0002495944090852365,0.0001058014459530947
416,g ,0.00031199301135654563,0.004420149297595956
417,bh,4.159906818087275e-05,unique_to_tag
418,ck,0.000998377636340946,0.0006935872568036208
419,ij,8.31981363617455e-05,1.175571621701052e-05
420,ds,0.00020799534090436376,0.0007464879797801681
421,sw,0.00010399767045218188,0.00013519073649562098
422,bj,2.0799534090436376e-05,0.00011167930406159995
423,rk,0.0007071841590748368,0.0002997707635337683
424,ee,0.00020799534090436376,0.0016987009933580204
425,ek,0.00010399767045218188,0.00020572503379768413
426,l ,0.00039519114771829114,0.006013048845000882
427,nz,0.0002287948749948001,0.0002880150473167578
428,gd,0.00010399767045218188,2.351143243402104e-05
429,rf,0.00037439161362785476,0.0003291600540762946
430,tt,0.001060776238612255,0.0007406101216716628
431,ty,0.0010815757727026915,0.0021454182096044203
432,zz,0.0002495944090852365,2.351143243402104e-05
433,ez,0.00039519114771829114,3.526714865103157e-05
434,ue,0.001393568784059237,0.001622288837947452
435,zu,0.00010399767045218188,7.641215541056839e-05
436,fz,2.0799534090436376e-05,unique_to_tag
437,ze,0.00020799534090436376,0.0006583201081525892
438,uk,0.000166396272723491,0.00015282431082113679
439,lb,0.0002703939431756729,9.404572973608417e-05
440,dy,0.0002703939431756729,0.000946335155469347
441,yr,0.0005823869545322185,0.00011167930406159995
442,cb,4.159906818087275e-05,1.7633574325515784e-05
443,s1,2.0799534090436376e-05,2.351143243402104e-05
444,bv,0.00012479720454261825,0.00019984717568917888
445,v.,0.00012479720454261825,unique_to_tag
446,41,2.0799534090436376e-05,5.290072297654735e-05
447,9-,6.239860227130913e-05,9.404572973608417e-05
448, 8,0.00014559673863305463,0.0003585493446188209
449,/5,2.0799534090436376e-05,1.7633574325515784e-05
450,/8,2.0799534090436376e-05,unique_to_tag
451,59,2.0799534090436376e-05,5.8778581085052606e-05
452,6/,2.0799534090436376e-05,2.351143243402104e-05
453,8/,4.159906818087275e-05,5.87785810850526e-06
454,86,4.159906818087275e-05,5.290072297654735e-05
455,29,4.159906818087275e-05,8.816787162757891e-05
456,4 ,8.31981363617455e-05,0.0007699994122141892
457,92,6.239860227130913e-05,3.526714865103157e-05
458,16,0.00014559673863305463,0.0002997707635337683
459,6m,2.0799534090436376e-05,unique_to_tag
460,23,0.00018719580681392738,0.00014694645271263153
461,45,0.00012479720454261825,0.0001058014459530947
462,57,0.00018719580681392738,0.00011167930406159995
463,tc,0.000166396272723491,0.00027038147299124197
464,08,4.159906818087275e-05,3.526714865103157e-05
465,30,0.00012479720454261825,0.00018221360136366307
466,.1,2.0799534090436376e-05,0.00021748075001469465
467,13,0.00014559673863305463,0.00023511432434021042
468,33,0.00010399767045218188,9.992358784458944e-05
469,uj,6.239860227130913e-05,unique_to_tag
470,xt,0.00010399767045218188,0.00035267148651031563
471,gy,0.00020799534090436376,0.0003174043378592841
472,mw,2.0799534090436376e-05,7.641215541056839e-05
473,39,0.00010399767045218188,8.229001351907365e-05
474,99,6.239860227130913e-05,9.404572973608417e-05
475,fm,2.0799534090436376e-05,3.526714865103157e-05
476,mh,2.0799534090436376e-05,5.87785810850526e-06
477,8 ,0.00012479720454261825,0.0006112972432845471
478,b8,2.0799534090436376e-05,unique_to_tag
479,gb,6.239860227130913e-05,2.351143243402104e-05
480,jh,2.0799534090436376e-05,unique_to_tag
481,p1,2.0799534090436376e-05,5.290072297654735e-05
482,vp,2.0799534090436376e-05,2.351143243402104e-05
483,11,0.0002287948749948001,0.00015870216892964204
484,6a,2.0799534090436376e-05,unique_to_tag
485,6b,4.159906818087275e-05,unique_to_tag
486,0a,2.0799534090436376e-05,unique_to_tag
487,0b,2.0799534090436376e-05,unique_to_tag
488,40,8.31981363617455e-05,0.00018221360136366307
489,6e,2.0799534090436376e-05,unique_to_tag
490, 6,0.00014559673863305463,0.0005407629459824839
491,68,4.159906818087275e-05,5.8778581085052606e-05
492,24,0.00012479720454261825,0.00013519073649562098
493,43,4.159906818087275e-05,0.00011167930406159995
494,62,6.239860227130913e-05,8.229001351907365e-05
495,96,6.239860227130913e-05,8.816787162757891e-05
496,k9,2.0799534090436376e-05,unique_to_tag
497,tn,2.0799534090436376e-05,0.00020572503379768413
498,ux,4.159906818087275e-05,3.526714865103157e-05
499,xe,0.0002703939431756729,8.816787162757891e-05
500,bw,2.0799534090436376e-05,2.351143243402104e-05
501,p ,2.0799534090436376e-05,0.0011167930406159995
502,ej,0.00012479720454261825,1.7633574325515784e-05
503,21,8.31981363617455e-05,0.00017633574325515782
504,22,0.00014559673863305463,7.053429730206313e-05
505,m1,6.239860227130913e-05,7.053429730206313e-05
506,oy,0.00020799534090436376,0.00011167930406159995
507,pn,0.0005407878863513458,0.00025862575677423145
508,gm,0.00014559673863305463,0.00012343502027861047
509,rb,0.00031199301135654563,0.00033503791218479986
510,nv,6.239860227130913e-05,0.0008522894257332628
511,rl,0.000166396272723491,0.0006524422500440839
512,ik,0.000332792545446982,0.00021748075001469465
513,ku,0.00029119347726610926,3.526714865103157e-05
514,bc,2.0799534090436376e-05,0.00018221360136366307
515,km,2.0799534090436376e-05,unique_to_tag
516, y,0.00018719580681392738,0.0005348850878739787
517,pp,0.000166396272723491,0.0009404572973608417
518,vr,4.159906818087275e-05,2.351143243402104e-05
519,ky,0.00010399767045218188,1.175571621701052e-05
520,a3,2.0799534090436376e-05,1.7633574325515784e-05
521,b1,4.159906818087275e-05,unique_to_tag
522,a4,2.0799534090436376e-05,unique_to_tag
523,bf,4.159906818087275e-05,unique_to_tag
524,f ,6.239860227130913e-05,0.006389231763945218
525,e1,4.159906818087275e-05,2.9389290542526303e-05
526,vy,2.0799534090436376e-05,4.702286486804208e-05
527,ym,0.00043679021589916383,0.0006230529595015577
528,yp,0.001227172511335746,0.0009992358784458944
529,ht,0.00014559673863305463,0.0005407629459824839
530,ls,0.0002287948749948001,0.0014341973784752836
531,dt,6.239860227130913e-05,5.290072297654735e-05
532,ts,0.0008111818295270186,0.003315111973196967
533,cg,4.159906818087275e-05,3.526714865103157e-05
534,nl,0.00010399767045218188,0.00031152647975077883
535,nq,4.159906818087275e-05,unique_to_tag
536,sv,0.000332792545446982,0.0001058014459530947
537,'i,2.0799534090436376e-05,unique_to_tag
538,d',2.0799534090436376e-05,unique_to_tag
539,wp,4.159906818087275e-05,1.175571621701052e-05
540,49,8.31981363617455e-05,4.1145006759536825e-05
541,xs,0.00012479720454261825,1.175571621701052e-05
542,-c,6.239860227130913e-05,0.00027625933109974723
543,n-,0.00010399767045218188,0.0006700758243695997
544,vg,2.0799534090436376e-05,5.87785810850526e-06
545,gh,0.000166396272723491,0.0013812966554987362
546,iw,2.0799534090436376e-05,2.351143243402104e-05
547,dn,8.31981363617455e-05,0.00020572503379768413
548,yb,4.159906818087275e-05,2.9389290542526303e-05
549,ft,0.00012479720454261825,0.0007288544054546523
550,lf,0.000166396272723491,0.00011167930406159995
551,dh,2.0799534090436376e-05,0.00011167930406159995
552,-b,6.239860227130913e-05,0.00023511432434021042
553,hs,8.31981363617455e-05,0.0003174043378592841
554,uv,8.31981363617455e-05,6.465643919355786e-05
555,sg,0.00010399767045218188,2.9389290542526303e-05
556,-l,0.00012479720454261825,0.00023511432434021042
557,dw,0.00010399767045218188,9.992358784458944e-05
558,hk,4.159906818087275e-05,5.87785810850526e-06
559,sb,0.00012479720454261825,4.702286486804208e-05
560,a7,2.0799534090436376e-05,unique_to_tag
561,rw,4.159906818087275e-05,0.00012343502027861047
562, 0,4.159906818087275e-05,0.0003703050608358314
563,-1,6.239860227130913e-05,0.00033503791218479986
564,1-,2.0799534090436376e-05,0.00015282431082113679
565, 5,0.0002287948749948001,0.0005054957973314524
566,36,6.239860227130913e-05,7.053429730206313e-05
567,63,6.239860227130913e-05,5.8778581085052606e-05
568,7a,4.159906818087275e-05,5.8778581085052606e-05
569,b7,2.0799534090436376e-05,unique_to_tag
570,07,4.159906818087275e-05,4.702286486804208e-05
571,73,4.159906818087275e-05,3.526714865103157e-05
572,cf,2.0799534090436376e-05,7.053429730206313e-05
573,t0,2.0799534090436376e-05,unique_to_tag
574,00,4.159906818087275e-05,0.0005407629459824839
575,e2,6.239860227130913e-05,5.87785810850526e-06
576,/6,2.0799534090436376e-05,1.7633574325515784e-05
577,69,8.31981363617455e-05,5.8778581085052606e-05
578,37,6.239860227130913e-05,0.0001058014459530947
579,77,2.0799534090436376e-05,5.290072297654735e-05
580,h1,0.00010399767045218188,8.229001351907365e-05
581,f1,6.239860227130913e-05,5.87785810850526e-06
582,3:,0.00010399767045218188,unique_to_tag
583,:h,0.00043679021589916383,unique_to_tag
584,h2,0.00010399767045218188,5.87785810850526e-06
585,o1,0.0005199883522609093,2.351143243402104e-05
586,1:,6.239860227130913e-05,2.9389290542526303e-05
587,h-,6.239860227130913e-05,8.816787162757891e-05
588,:n,4.159906818087275e-05,unique_to_tag
589,9:,2.0799534090436376e-05,unique_to_tag
590,h6,0.00012479720454261825,unique_to_tag
591,4:,2.0799534090436376e-05,unique_to_tag
592,h4,0.00012479720454261825,unique_to_tag
593,27,0.00010399767045218188,0.0001058014459530947
594,7:,0.00012479720454261825,unique_to_tag
595,28,6.239860227130913e-05,0.00015282431082113679
596,8:,2.0799534090436376e-05,1.7633574325515784e-05
597,h7,0.0002495944090852365,unique_to_tag
598,7 ,8.31981363617455e-05,0.0006583201081525892
599,l9,2.0799534090436376e-05,unique_to_tag
600,5:,8.31981363617455e-05,2.9389290542526303e-05
601,26,0.00012479720454261825,0.00013519073649562098
602,6:,4.159906818087275e-05,2.9389290542526303e-05
603,o2,8.31981363617455e-05,unique_to_tag
604,51,6.239860227130913e-05,6.465643919355786e-05
605,h5,0.00012479720454261825,5.87785810850526e-06
606,o5,6.239860227130913e-05,unique_to_tag
607,o6,4.159906818087275e-05,unique_to_tag
608,t:,2.0799534090436376e-05,unique_to_tag
609,i8,2.0799534090436376e-05,unique_to_tag
610,uo,0.00020799534090436376,9.992358784458944e-05
611,yu,0.00010399767045218188,5.87785810850526e-06
612,tk,2.0799534090436376e-05,1.7633574325515784e-05
613,xo,0.0004783892840800366,9.992358784458944e-05
614,i-,4.159906818087275e-05,0.0003585493446188209
615,kl,0.000332792545446982,8.816787162757891e-05
616,pk,2.0799534090436376e-05,1.175571621701052e-05
617,zt,2.0799534090436376e-05,unique_to_tag
618,xa,0.00010399767045218188,0.0004232057838123788
619,rp,0.0007903822954365823,0.0003703050608358314
620,-3,8.31981363617455e-05,0.00014106859460412627
621,54,6.239860227130913e-05,4.702286486804208e-05
622,a9,4.159906818087275e-05,unique_to_tag
623,ji,0.00014559673863305463,5.87785810850526e-06
624,bg,4.159906818087275e-05,2.351143243402104e-05
625,y ,0.00029119347726610926,0.00700640686533827
626,-g,2.0799534090436376e-05,7.641215541056839e-05
627,cv,2.0799534090436376e-05,0.00015870216892964204
628,gc,2.0799534090436376e-05,2.9389290542526303e-05
629,hv,2.0799534090436376e-05,unique_to_tag
630,v-,4.159906818087275e-05,0.00017045788514665256
631,v1,2.0799534090436376e-05,5.87785810850526e-06
632, [,2.0799534090436376e-05,unique_to_tag
633,7],2.0799534090436376e-05,unique_to_tag
634,:2,2.0799534090436376e-05,2.351143243402104e-05
635,[n,2.0799534090436376e-05,unique_to_tag
636,n:,2.0799534090436376e-05,unique_to_tag
637,gj,4.159906818087275e-05,unique_to_tag
638,mn,0.00014559673863305463,1.7633574325515784e-05
639,1n,6.239860227130913e-05,4.702286486804208e-05
640,n1,0.00014559673863305463,5.290072297654735e-05
641,n2,0.00014559673863305463,5.290072297654735e-05
642,2n,2.0799534090436376e-05,5.87785810850526e-06
643,3n,6.239860227130913e-05,1.175571621701052e-05
644,h3,8.31981363617455e-05,1.175571621701052e-05
645,n3,8.31981363617455e-05,unique_to_tag
646,n8,0.00010399767045218188,unique_to_tag
647,4n,6.239860227130913e-05,unique_to_tag
648,5 ,0.00010399767045218188,0.0008287779932992417
649,n5,8.31981363617455e-05,unique_to_tag
650,6 ,4.159906818087275e-05,0.0007641215541056838
651,n6,4.159906818087275e-05,unique_to_tag
652,5n,0.00010399767045218188,5.87785810850526e-06
653,9 ,6.239860227130913e-05,0.0004937400811144419
654,n9,6.239860227130913e-05,unique_to_tag
655,6n,4.159906818087275e-05,unique_to_tag
656,7n,0.00014559673863305463,unique_to_tag
657,n4,6.239860227130913e-05,unique_to_tag
658,n7,4.159906818087275e-05,unique_to_tag
659,8n,4.159906818087275e-05,unique_to_tag
660,h8,6.239860227130913e-05,unique_to_tag
661,9n,0.00018719580681392738,2.9389290542526303e-05
662,h9,0.00018719580681392738,3.526714865103157e-05
663,tm,2.0799534090436376e-05,0.0007523658378886733
664,fn,2.0799534090436376e-05,0.0001058014459530947
665,z1,2.0799534090436376e-05,unique_to_tag
666,b ,0.00012479720454261825,0.0005525186621994945
667,oj,4.159906818087275e-05,1.175571621701052e-05
668,t-,6.239860227130913e-05,0.0003409157702933051
669,yk,8.31981363617455e-05,2.351143243402104e-05
670,gv,8.31981363617455e-05,3.526714865103157e-05
671,yv,0.00012479720454261825,unique_to_tag
672,9e,2.0799534090436376e-05,unique_to_tag
673,u1,2.0799534090436376e-05,unique_to_tag
674,l6,2.0799534090436376e-05,5.87785810850526e-06
675,70,4.159906818087275e-05,6.465643919355786e-05
676,i2,2.0799534090436376e-05,unique_to_tag
677,i3,2.0799534090436376e-05,unique_to_tag
678,i4,2.0799534090436376e-05,unique_to_tag
679,zs,2.0799534090436376e-05,unique_to_tag
680,lh,4.159906818087275e-05,unique_to_tag
681,mj,4.159906818087275e-05,unique_to_tag
682,sf,4.159906818087275e-05,0.00031152647975077883
683,-v,2.0799534090436376e-05,5.8778581085052606e-05
684,j-,4.159906818087275e-05,unique_to_tag
685,wn,4.159906818087275e-05,0.00023511432434021042
686,sk,0.00014559673863305463,0.0005525186621994945
687,vs,2.0799534090436376e-05,5.8778581085052606e-05
688,uy,0.00012479720454261825,unique_to_tag
689,kn,2.0799534090436376e-05,0.00022923646623170516
690,uf,2.0799534090436376e-05,0.00012343502027861047
691,pf,2.0799534090436376e-05,1.7633574325515784e-05
692,hm,4.159906818087275e-05,0.00012931287838711573
693,aq,6.239860227130913e-05,4.702286486804208e-05
694,fs,2.0799534090436376e-05,3.526714865103157e-05
695,gp,2.0799534090436376e-05,3.526714865103157e-05
696,df,8.31981363617455e-05,unique_to_tag
697,91,4.159906818087275e-05,4.702286486804208e-05
698,-e,2.0799534090436376e-05,0.0001939693175806736
699,d-,2.0799534090436376e-05,0.00015282431082113679
700,/2,2.0799534090436376e-05,3.526714865103157e-05
701,1/,4.159906818087275e-05,1.7633574325515784e-05
702,2a,8.31981363617455e-05,1.175571621701052e-05
703,85,6.239860227130913e-05,5.8778581085052606e-05
704,f6,2.0799534090436376e-05,4.702286486804208e-05
705,4b,4.159906818087275e-05,2.351143243402104e-05
706,58,2.0799534090436376e-05,7.053429730206313e-05
707,sd,6.239860227130913e-05,0.00012931287838711573
708,rq,0.0007279836931652731,5.87785810850526e-06
709,zy,8.31981363617455e-05,5.8778581085052606e-05
710,iq,6.239860227130913e-05,9.404572973608417e-05
711,-r,4.159906818087275e-05,0.0003467936284018104
712,dd,2.0799534090436376e-05,0.00035267148651031563
713,e-,2.0799534090436376e-05,0.0006406865338270734
714,rj,2.0799534090436376e-05,5.87785810850526e-06
715,uz,2.0799534090436376e-05,1.175571621701052e-05
716,sz,2.0799534090436376e-05,1.175571621701052e-05
717,c1,4.159906818087275e-05,3.526714865103157e-05
718,cd,6.239860227130913e-05,0.00012931287838711573
719,dc,4.159906818087275e-05,4.702286486804208e-05
720,7r,2.0799534090436376e-05,unique_to_tag
721,lz,2.0799534090436376e-05,unique_to_tag
722,xu,2.0799534090436376e-05,4.1145006759536825e-05
723,yx,6.239860227130913e-05,unique_to_tag
724,-h,4.159906818087275e-05,0.00011167930406159995
725,s-,4.159906818087275e-05,0.00022923646623170516
726,w ,4.159906818087275e-05,0.0006524422500440839
727,wc,2.0799534090436376e-05,2.351143243402104e-05
728,cz,2.0799534090436376e-05,1.175571621701052e-05
729,'n,2.0799534090436376e-05,unique_to_tag
730,-n,2.0799534090436376e-05,6.465643919355786e-05
731,g-,2.0799534090436376e-05,0.00014106859460412627
732,o',2.0799534090436376e-05,unique_to_tag
733,wy,4.159906818087275e-05,1.175571621701052e-05
734,xp,2.0799534090436376e-05,0.0007758772703226944
735,jd,2.0799534090436376e-05,unique_to_tag
736,<c,2.0799534090436376e-05,unique_to_tag
737,vz,2.0799534090436376e-05,unique_to_tag
738,md,2.0799534090436376e-05,0.00017045788514665256
739,tg,2.0799534090436376e-05,3.526714865103157e-05
740,ih,2.0799534090436376e-05,3.526714865103157e-05
741,qa,2.0799534090436376e-05,unique_to_tag
742,zd,2.0799534090436376e-05,unique_to_tag
743,l2,2.0799534090436376e-05,1.175571621701052e-05
744,wx,2.0799534090436376e-05,unique_to_tag
745,xc,2.0799534090436376e-05,8.816787162757891e-05
746,gt,2.0799534090436376e-05,5.8778581085052606e-05
747,ks,6.239860227130913e-05,0.00028213718920825254
748,14,4.159906818087275e-05,0.00030564862164227357
749,0:,2.0799534090436376e-05,1.175571621701052e-05
750,50,2.0799534090436376e-05,0.0001058014459530947
751,:k,2.0799534090436376e-05,unique_to_tag
752,:z,4.159906818087275e-05,unique_to_tag
753,k:,2.0799534090436376e-05,unique_to_tag
754,",z",2.0799534090436376e-05,unique_to_tag
755,--,2.0799534090436376e-05,unique_to_tag
756,2:,2.0799534090436376e-05,unique_to_tag
757,"4,",2.0799534090436376e-05,1.175571621701052e-05
758,:-,2.0799534090436376e-05,unique_to_tag
759,z2,2.0799534090436376e-05,1.175571621701052e-05
760,z4,2.0799534090436376e-05,unique_to_tag
761,t1,2.0799534090436376e-05,5.87785810850526e-06
762,l1,2.0799534090436376e-05,unique_to_tag
763,09,2.0799534090436376e-05,0.0001058014459530947
764,95,4.159906818087275e-05,0.00017633574325515782
765,r7,2.0799534090436376e-05,unique_to_tag
766,z ,2.0799534090436376e-05,1.175571621701052e-05
767,ml,2.0799534090436376e-05,9.404572973608417e-05
768,3-,4.159906818087275e-05,0.00011167930406159995
769,83,2.0799534090436376e-05,2.9389290542526303e-05
770,b2,2.0799534090436376e-05,5.87785810850526e-06
771,64,2.0799534090436376e-05,6.465643919355786e-05
772,97,2.0799534090436376e-05,7.053429730206313e-05
773,xn,0.00014559673863305463,unique_to_tag
774,7t,2.0799534090436376e-05,1.175571621701052e-05
775,84,4.159906818087275e-05,5.8778581085052606e-05
776,3g,2.0799534090436376e-05,unique_to_tag
777,s0,2.0799534090436376e-05,unique_to_tag
778,mk,2.0799534090436376e-05,unique_to_tag
779,db,2.0799534090436376e-05,2.351143243402104e-05
780,sn,4.159906818087275e-05,8.229001351907365e-05
781,ws,2.0799534090436376e-05,4.702286486804208e-05
782,t.,2.0799534090436376e-05,1.175571621701052e-05
783,'h,2.0799534090436376e-05,unique_to_tag
784,t',2.0799534090436376e-05,unique_to_tag
785,tv,2.0799534090436376e-05,1.7633574325515784e-05
786,k-,2.0799534090436376e-05,5.290072297654735e-05
787,18,2.0799534090436376e-05,0.00015870216892964204
788,wh,4.159906818087275e-05,0.0014400752365837889
789,dj,2.0799534090436376e-05,8.816787162757891e-05
790,nr,2.0799534090436376e-05,0.00011167930406159995
791,tp,2.0799534090436376e-05,9.992358784458944e-05
792,56,2.0799534090436376e-05,4.702286486804208e-05
793,9b,2.0799534090436376e-05,unique_to_tag
794,m-,2.0799534090436376e-05,7.053429730206313e-05
795,b3,2.0799534090436376e-05,5.87785810850526e-06
796,02,2.0799534090436376e-05,7.053429730206313e-05
797,bx,2.0799534090436376e-05,unique_to_tag
798,-2,4.159906818087275e-05,0.00023511432434021042
799,6-,2.0799534090436376e-05,4.702286486804208e-05
800,m6,2.0799534090436376e-05,unique_to_tag
801,75,2.0799534090436376e-05,5.8778581085052606e-05
802,mz,4.159906818087275e-05,unique_to_tag
803,o3,4.159906818087275e-05,unique_to_tag
804,c3,2.0799534090436376e-05,unique_to_tag
805,c9,2.0799534090436376e-05,unique_to_tag
806,v5,4.159906818087275e-05,5.87785810850526e-06
807,l4,2.0799534090436376e-05,unique_to_tag
808,vl,2.0799534090436376e-05,2.351143243402104e-05
809,-o,4.159906818087275e-05,0.00030564862164227357
810,/n,2.0799534090436376e-05,5.87785810850526e-06
811,o9,2.0799534090436376e-05,unique_to_tag
812,hd,2.0799534090436376e-05,5.87785810850526e-06
813,[h,2.0799534090436376e-05,unique_to_tag
814,] ,2.0799534090436376e-05,unique_to_tag
815,s],2.0799534090436376e-05,unique_to_tag
